model,accuracy,macro_f1,weighted_f1
logistic_regression,0.9995833333333334,0.9993020126894366,0.9995826093934613
linear_svc,0.9995833333333334,0.9993020126894366,0.9995826093934613
multinomial_nb,0.9979166666666667,0.9958901617413053,0.9979018495980385
